Time,Time Code,Country Name,Country Code,GDP per person employed (constant 2017 PPP $) [SL.GDP.PCAP.EM.KD],CO2 emissions (kt) [EN.ATM.CO2E.KT],"Population, total [SP.POP.TOTL]"
1992,YR1992,Albania,ALB,10478.0747184812,2220,3247039
1992,YR1992,Armenia,ARM,7226.62971425114,10900,3574555
1992,YR1992,Azerbaijan,AZE,11908.6425479441,63610,7382050
1992,YR1992,Belarus,BLR,18097.3439948914,87990,10216470
1992,YR1992,Bosnia and Herzegovina,BIH,..,15970,4275730
1992,YR1992,Bulgaria,BGR,27802.7108379129,55360,8540164
1992,YR1992,Georgia,GEO,10042.2953283071,20070,4873500
1992,YR1992,Kazakhstan,KAZ,23616.7355974451,253840,16439095
1992,YR1992,Kosovo,XKX,..,..,1932000
1992,YR1992,Moldova,MDA,..,20320,2975621
1992,YR1992,Montenegro,MNE,..,1480,608516
1992,YR1992,North Macedonia,MKD,31508.6358914285,8540,2018023
1992,YR1992,Russian Federation,RUS,35882.4273997156,2030810,148538197
1992,YR1992,Serbia,SRB,..,47990,7646424
1992,YR1992,Turkiye,TUR,38265.0858575973,149800,56302037
1992,YR1992,Turkmenistan,TKM,17926.5436853184,28100,3926369
1993,YR1993,Albania,ALB,10946.9004538974,2060,3227287
1993,YR1993,Armenia,ARM,7075.20547114997,5040,3457349
1993,YR1993,Azerbaijan,AZE,9024.51565357757,48050,7494800
1993,YR1993,Belarus,BLR,17476.1611367589,76420,10239050
1993,YR1993,Bosnia and Herzegovina,BIH,..,13400,3942981
1993,YR1993,Bulgaria,BGR,28238.27172754,55930,8472313
1993,YR1993,Georgia,GEO,6973.42777700814,16090,4911100
1993,YR1993,Kazakhstan,KAZ,21395.9381871625,219240,16380672
1993,YR1993,Kosovo,XKX,..,..,1965000
1993,YR1993,Moldova,MDA,..,17410,2974817
1993,YR1993,Montenegro,MNE,..,1290,610170
1993,YR1993,North Macedonia,MKD,30301.1512477816,8840,1996893
1993,YR1993,Russian Federation,RUS,33850.5315425627,1880250,148458777
1993,YR1993,Serbia,SRB,..,42720,7699307
1993,YR1993,Turkiye,TUR,43337.4063064292,155580,57296008
1993,YR1993,Turkmenistan,TKM,17635.1129174733,26970,4031698
1994,YR1994,Albania,ALB,11376.7515634119,2070,3207536
1994,YR1994,Armenia,ARM,7737.0470578139,2740,3373713
1994,YR1994,Azerbaijan,AZE,7091.39627826416,33520,7596550
1994,YR1994,Belarus,BLR,15942.158794348,64810,10226955
1994,YR1994,Bosnia and Herzegovina,BIH,6246.00299231124,3160,3762330
1994,YR1994,Bulgaria,BGR,27922.3194159342,53720,8443591
1994,YR1994,Georgia,GEO,6473.48714870951,10440,4836076
1994,YR1994,Kazakhstan,KAZ,20107.137406827,199170,16145766
1994,YR1994,Kosovo,XKX,..,..,1997000
1994,YR1994,Moldova,MDA,..,14140,2967585
1994,YR1994,Montenegro,MNE,..,1260,611389
1994,YR1994,North Macedonia,MKD,31210.6529323989,8550,1982458
1994,YR1994,Russian Federation,RUS,31171.4438898619,1685050,148407912
1994,YR1994,Serbia,SRB,..,38900,7734639
1994,YR1994,Turkiye,TUR,38281.0923545548,153820,58310245
1994,YR1994,Turkmenistan,TKM,14146.1668542752,33550,4133037
1995,YR1995,Albania,ALB,12216.4727376829,1930,3187784
1995,YR1995,Armenia,ARM,8372.50881588643,3510,3322782
1995,YR1995,Azerbaijan,AZE,6119.76648641262,32470,7684850
1995,YR1995,Belarus,BLR,14930.1579217774,57640,10193831
1995,YR1995,Bosnia and Herzegovina,BIH,7665.0160649752,3370,3750527
1995,YR1995,Bulgaria,BGR,28571.2381093073,54880,8406067
1995,YR1995,Georgia,GEO,6878.17392444792,8180,4657722
1995,YR1995,Kazakhstan,KAZ,19437.8934435076,175240,15816243
1995,YR1995,Kosovo,XKX,..,..,2029000
1995,YR1995,Moldova,MDA,13712.3801185106,12140,2953200
1995,YR1995,Montenegro,MNE,..,1330,611712
1995,YR1995,North Macedonia,MKD,33691.1932737684,8520,1983964
1995,YR1995,Russian Federation,RUS,30481.7682189933,1635490,148375787
1995,YR1995,Serbia,SRB,18952.205407232,44550,7625357
1995,YR1995,Turkiye,TUR,40283.4716737251,168150,59305490
1995,YR1995,Turkmenistan,TKM,13059.3435515129,33990,4226623
1996,YR1996,Albania,ALB,13425.8830934248,1940,3168033
1996,YR1996,Armenia,ARM,9128.77695785779,2580,3298898
1996,YR1996,Azerbaijan,AZE,6159.2179866684,27190,7763000
1996,YR1996,Belarus,BLR,16706.0049293309,58650,10159569
1996,YR1996,Bosnia and Herzegovina,BIH,13939.5341298401,4190,3907751
1996,YR1996,Bulgaria,BGR,31012.2955501333,55300,8362826
1996,YR1996,Georgia,GEO,8402.94962124516,6360,4491699
1996,YR1996,Kazakhstan,KAZ,20186.4297725203,153390,15578227
1996,YR1996,Kosovo,XKX,..,..,2059000
1996,YR1996,Moldova,MDA,13084.7142822811,10400,2947293
1996,YR1996,Montenegro,MNE,..,1550,611003
1996,YR1996,North Macedonia,MKD,35775.4677078731,10060,1994226
1996,YR1996,Russian Federation,RUS,29821.0918317711,1601180,148160129
1996,YR1996,Serbia,SRB,20195.8033487566,51650,7617794
1996,YR1996,Turkiye,TUR,42120.1861754896,185340,60293786
1996,YR1996,Turkmenistan,TKM,14052.2312756757,30610,4301093
1997,YR1997,Albania,ALB,12217.7210986282,1470,3148281
1997,YR1997,Armenia,ARM,9605.95910813899,3340,3271418
1997,YR1997,Azerbaijan,AZE,6507.54227488216,26490,7838250
1997,YR1997,Belarus,BLR,17103.6164511199,59170,10117433
1997,YR1997,Bosnia and Herzegovina,BIH,18110.0068881868,8490,4047748
1997,YR1997,Bulgaria,BGR,27456.6264348157,52990,8312068
1997,YR1997,Georgia,GEO,9707.22873027267,5520,4349913
1997,YR1997,Kazakhstan,KAZ,20712.5369983681,132240,15334405
1997,YR1997,Kosovo,XKX,..,..,2086000
1997,YR1997,Moldova,MDA,13290.0656188711,9580,2936413
1997,YR1997,Montenegro,MNE,45954.7834606135,1670,609520
1997,YR1997,North Macedonia,MKD,35204.0333064936,8990,1996869
1997,YR1997,Russian Federation,RUS,31561.7400764953,1489510,147915361
1997,YR1997,Serbia,SRB,21966.1276657852,56310,7596501
1997,YR1997,Turkiye,TUR,45409.4859378561,193430,61277426
1997,YR1997,Turkmenistan,TKM,12013.5236536109,30500,4363672
1998,YR1998,Albania,ALB,13994.3003179433,1790,3128530
1998,YR1998,Armenia,ARM,10158.0235528458,3470,3240550
1998,YR1998,Azerbaijan,AZE,7162.58319178812,26490,7913000
1998,YR1998,Belarus,BLR,17946.9895403342,57260,10071963
1998,YR1998,Bosnia and Herzegovina,BIH,20745.1576194357,10760,4115059
1998,YR1998,Bulgaria,BGR,28498.7318254055,50480,8256786
1998,YR1998,Georgia,GEO,10646.7557072513,4990,4243607
1998,YR1998,Kazakhstan,KAZ,20485.597950892,135840,15071640
1998,YR1998,Kosovo,XKX,..,..,1966000
1998,YR1998,Moldova,MDA,12462.4606502668,8650,2935227
1998,YR1998,Montenegro,MNE,48362.517880914,1760,607662
1998,YR1998,North Macedonia,MKD,35271.0502707588,9840,2007523
1998,YR1998,Russian Federation,RUS,30649.991236934,1487970,147670784
1998,YR1998,Serbia,SRB,22741.2687853754,56210,7567745
1998,YR1998,Turkiye,TUR,45319.9671898417,193690,62242204
1998,YR1998,Turkmenistan,TKM,12874.6941232306,31840,4431517
1999,YR1999,Albania,ALB,16200.8859171416,2970,3108778
1999,YR1999,Armenia,ARM,10704.9613812697,3110,3206030
1999,YR1999,Azerbaijan,AZE,7669.91782071119,26120,7982750
1999,YR1999,Belarus,BLR,18292.6193444852,54950,10026738
1999,YR1999,Bosnia and Herzegovina,BIH,22800.5288939373,10520,4153014
1999,YR1999,Bulgaria,BGR,27141.1282290298,44320,8210624
1999,YR1999,Georgia,GEO,10927.7843586134,4520,4157192
1999,YR1999,Kazakhstan,KAZ,21179.9801743257,122650,14928374
1999,YR1999,Kosovo,XKX,..,..,1762000
1999,YR1999,Moldova,MDA,12025.0227500837,7350,2930622
1999,YR1999,Montenegro,MNE,43100.3787633843,1210,606001
1999,YR1999,North Macedonia,MKD,35437.7101447973,9090,2017142
1999,YR1999,Russian Federation,RUS,30654.8608746292,1523720,147214776
1999,YR1999,Serbia,SRB,20355.4310514777,40010,7540401
1999,YR1999,Turkiye,TUR,43383.7446418462,192650,63185615
1999,YR1999,Turkmenistan,TKM,15075.3022902364,37690,4501079
2000,YR2000,Albania,ALB,17052.7111141235,3170,3089027
2000,YR2000,Armenia,ARM,11308.5546638301,3560,3168523
2000,YR2000,Azerbaijan,AZE,8514.5850481194,27690,8048600
2000,YR2000,Belarus,BLR,19057.5172370309,52940,9979610
2000,YR2000,Bosnia and Herzegovina,BIH,25733.1344879352,13960,4179350
2000,YR2000,Bulgaria,BGR,29613.3479231933,43420,8170172
2000,YR2000,Georgia,GEO,11222.6979179719,4770,4077131
2000,YR2000,Kazakhstan,KAZ,23073.555921845,120150,14883626
2000,YR2000,Kosovo,XKX,..,..,1700000
2000,YR2000,Moldova,MDA,11882.8669819883,6710,2924668
2000,YR2000,Montenegro,MNE,44998.3376398303,1520,604950
2000,YR2000,North Macedonia,MKD,36773.95715034,8760,2026350
2000,YR2000,Russian Federation,RUS,32611.6493660651,1563850,146596869
2000,YR2000,Serbia,SRB,21441.7318215893,43990,7516346
2000,YR2000,Turkiye,TUR,47325.8737185928,216400,64113547
2000,YR2000,Turkmenistan,TKM,15390.2239760343,38510,4569132
2001,YR2001,Albania,ALB,18551.0617948587,3230,3060173
2001,YR2001,Armenia,ARM,12354.1742443258,3600,3133133
2001,YR2001,Azerbaijan,AZE,9308.03471701064,26400,8111200
2001,YR2001,Belarus,BLR,19618.6357222256,51880,9928549
2001,YR2001,Bosnia and Herzegovina,BIH,26475.381494733,13760,4194932
2001,YR2001,Bulgaria,BGR,31895.1247124464,46190,8009142
2001,YR2001,Georgia,GEO,11526.581935558,3520,4014373
2001,YR2001,Kazakhstan,KAZ,25463.7457577432,117440,14858335
2001,YR2001,Kosovo,XKX,..,..,1701154
2001,YR2001,Moldova,MDA,12805.9937268003,7020,2918135
2001,YR2001,Montenegro,MNE,45200.8580653014,1670,607389
2001,YR2001,North Macedonia,MKD,34634.4700541062,8920,2034882
2001,YR2001,Russian Federation,RUS,34194.0883774822,1567170,145976482
2001,YR2001,Serbia,SRB,23092.0662561042,45000,7503433
2001,YR2001,Turkiye,TUR,44690.39719095,197770,65072018
2001,YR2001,Turkmenistan,TKM,15557.5812234874,39120,4635094
2002,YR2002,Albania,ALB,19186.0374421565,3759.99999046326,3051010
2002,YR2002,Armenia,ARM,13919.6337155855,3119.99988555908,3105037
2002,YR2002,Azerbaijan,AZE,10130.5499283709,26180.0003051758,8171950
2002,YR2002,Belarus,BLR,20300.3045393802,51840.0001525879,9865548
2002,YR2002,Bosnia and Herzegovina,BIH,28107.8301915564,14560.0004196167,4198410
2002,YR2002,Bulgaria,BGR,33942.885199737,43599.9984741211,7837161
2002,YR2002,Georgia,GEO,12610.6653116192,2960.00003814697,3978515
2002,YR2002,Kazakhstan,KAZ,27444.7710633074,131059.997558594,14858948
2002,YR2002,Kosovo,XKX,..,..,1702310
2002,YR2002,Moldova,MDA,13974.4111487265,7179.99982833862,2911385
2002,YR2002,Montenegro,MNE,45963.5304433606,1769.99998092651,609828
2002,YR2002,North Macedonia,MKD,36105.7021058601,8369.99988555908,2020157
2002,YR2002,Russian Federation,RUS,34848.8965249697,1565339.96582031,145306497
2002,YR2002,Serbia,SRB,24956.9083329798,48580.0018310547,7496522
2002,YR2002,Turkiye,TUR,47873.217001105,208110.000610352,65988663
2002,YR2002,Turkmenistan,TKM,14999.0656265217,41409.9998474121,4698968
2003,YR2003,Albania,ALB,20231.1858254904,4070.00017166138,3039616
2003,YR2003,Armenia,ARM,15762.2464538412,3500,3084102
2003,YR2003,Azerbaijan,AZE,11100.1999368637,28569.9996948242,8234100
2003,YR2003,Belarus,BLR,21449.1246848039,52700.0007629395,9796749
2003,YR2003,Bosnia and Herzegovina,BIH,29570.7834894598,14869.9998855591,4183757
2003,YR2003,Bulgaria,BGR,34630.1134952078,47930.0003051758,7775327
2003,YR2003,Georgia,GEO,13594.0877101463,3160.00008583069,3951736
2003,YR2003,Kazakhstan,KAZ,29462.3031497121,146139.999389648,14909019
2003,YR2003,Kosovo,XKX,..,..,1703466
2003,YR2003,Moldova,MDA,16453.6368373999,7769.99998092651,2903198
2003,YR2003,Montenegro,MNE,47042.0733797159,1889.99998569489,612267
2003,YR2003,North Macedonia,MKD,37989.7824046186,9140.00034332275,2026773
2003,YR2003,Russian Federation,RUS,37617.6614577399,1610000,144648618
2003,YR2003,Serbia,SRB,26579.5329370497,52150.0015258789,7480591
2003,YR2003,Turkiye,TUR,50994.7739786934,219160.003662109,66867327
2003,YR2003,Turkmenistan,TKM,15018.8328794165,46349.9984741211,4758988
2004,YR2004,Albania,ALB,21399.2293565367,4250,3026939
2004,YR2004,Armenia,ARM,17277.5797551147,3759.99999046326,3065745
2004,YR2004,Azerbaijan,AZE,12027.8629720913,28309.9994659424,8306500
2004,YR2004,Belarus,BLR,23633.9096109473,56040.0009155273,9730146
2004,YR2004,Bosnia and Herzegovina,BIH,32245.4009622233,15569.9996948242,4142860
2004,YR2004,Bulgaria,BGR,35843.6847116547,47270.0004577637,7716860
2004,YR2004,Georgia,GEO,14821.0934864606,3369.99988555908,3927340
2004,YR2004,Kazakhstan,KAZ,31741.8355576706,158029.998779297,15012984
2004,YR2004,Kosovo,XKX,..,..,1704622
2004,YR2004,Moldova,MDA,18316.4442122775,7780.00020980835,2896023
2004,YR2004,Montenegro,MNE,49341.0070027777,2039.99996185303,613353
2004,YR2004,North Macedonia,MKD,39857.3132390598,8840.00015258789,2032544
2004,YR2004,Russian Federation,RUS,39821.6702499409,1600979.98046875,144067316
2004,YR2004,Serbia,SRB,30370.2944256745,56349.9984741211,7463157
2004,YR2004,Turkiye,TUR,57413.4579048373,224600.006103516,67785075
2004,YR2004,Turkmenistan,TKM,15326.6873784898,49369.9989318848,4819792
2005,YR2005,Albania,ALB,22751.5948989037,4030.00020980835,3011487
2005,YR2005,Armenia,ARM,19538.4040794275,4460.00003814697,3047246
2005,YR2005,Azerbaijan,AZE,15202.2782062097,30040.0009155273,8391850
2005,YR2005,Belarus,BLR,25528.7656099694,56779.9987792969,9663915
2005,YR2005,Bosnia and Herzegovina,BIH,34564.2837792387,16229.9995422363,4094297
2005,YR2005,Bulgaria,BGR,38347.9165798852,47990.0016784668,7658972
2005,YR2005,Georgia,GEO,16623.363449715,4239.99977111816,3902469
2005,YR2005,Kazakhstan,KAZ,34395.0654586985,169210.006713867,15147029
2005,YR2005,Kosovo,XKX,..,..,1705780
2005,YR2005,Moldova,MDA,19812.3569457603,8180.00030517578,2888985
2005,YR2005,Montenegro,MNE,51511.76592812,2000,614261
2005,YR2005,North Macedonia,MKD,41595.174625957,9229.99954223633,2036855
2005,YR2005,Russian Federation,RUS,41789.4540831941,1611979.98046875,143518814
2005,YR2005,Serbia,SRB,34253.9526898579,50689.998626709,7440769
2005,YR2005,Turkiye,TUR,61035.8115052528,235000,68704715
2005,YR2005,Turkmenistan,TKM,17042.3872405415,50590.0001525879,4885775
2006,YR2006,Albania,ALB,24314.7021052819,4010.00022888184,2992547
2006,YR2006,Armenia,ARM,21949.7520071105,4489.99977111816,3026486
2006,YR2006,Azerbaijan,AZE,20308.962916476,30489.9997711182,8484550
2006,YR2006,Belarus,BLR,27782.0407152853,59119.9989318848,9604924
2006,YR2006,Bosnia and Herzegovina,BIH,37158.1367520024,17909.9998474121,4058086
2006,YR2006,Bulgaria,BGR,39406.1551519565,48950.0007629395,7601022
2006,YR2006,Georgia,GEO,18640.6015384919,4699.99980926514,3880347
2006,YR2006,Kazakhstan,KAZ,37253.3003601009,185300.003051758,15308085
2006,YR2006,Kosovo,XKX,..,..,1719536
2006,YR2006,Moldova,MDA,21846.8491826497,7980.00001907349,2880967
2006,YR2006,Montenegro,MNE,52030.7452310068,2180.0000667572,615025
2006,YR2006,North Macedonia,MKD,42652.3327460812,9220.00026702881,2040228
2006,YR2006,Russian Federation,RUS,44998.1033536555,1654849.97558594,143049637
2006,YR2006,Serbia,SRB,37771.1645033775,53009.9983215332,7411569
2006,YR2006,Turkiye,TUR,63962.7560228315,261079.986572266,69601333
2006,YR2006,Turkmenistan,TKM,18525.4657759204,51919.9981689453,4954029
2007,YR2007,Albania,ALB,26261.2287799657,4139.9998664856,2970017
2007,YR2007,Armenia,ARM,24803.2190034906,5199.99980926514,3004393
2007,YR2007,Azerbaijan,AZE,24809.2649998443,27629.9991607666,8581300
2007,YR2007,Belarus,BLR,29829.0284989773,57650.0015258789,9560953
2007,YR2007,Bosnia and Herzegovina,BIH,37836.103958449,18889.9993896484,4007876
2007,YR2007,Bulgaria,BGR,40339.4358579202,52599.9984741211,7545338
2007,YR2007,Georgia,GEO,20534.6470304444,5630.00011444092,3860158
2007,YR2007,Kazakhstan,KAZ,39402.8908874342,198389.999389648,15484192
2007,YR2007,Kosovo,XKX,..,..,1733404
2007,YR2007,Moldova,MDA,22626.0158241064,8140.00034332275,2874299
2007,YR2007,Montenegro,MNE,51554.5964754324,2099.99990463257,615875
2007,YR2007,North Macedonia,MKD,43908.8684973921,9699.99980926514,2043559
2007,YR2007,Russian Federation,RUS,47634.8800467786,1658150.02441406,142805114
2007,YR2007,Serbia,SRB,38927.7678870933,51459.9990844727,7381579
2007,YR2007,Turkiye,TUR,66081.0460063286,288970.001220703,70468869
2007,YR2007,Turkmenistan,TKM,20167.8298533814,58479.9995422363,5024894
2008,YR2008,Albania,ALB,27721.9796956305,4079.99992370605,2947314
2008,YR2008,Armenia,ARM,28052.4878556403,5690.00005722046,2983421
2008,YR2008,Azerbaijan,AZE,26892.2033499335,30450.0007629395,8763400
2008,YR2008,Belarus,BLR,32547.9148626094,60529.9987792969,9527985
2008,YR2008,Bosnia and Herzegovina,BIH,37626.232363438,20760.0002288818,3943392
2008,YR2008,Bulgaria,BGR,41584.0808835826,50040.0009155273,7492561
2008,YR2008,Georgia,GEO,22125.1444914335,4840.00015258789,3848449
2008,YR2008,Kazakhstan,KAZ,39284.0612729923,242029.998779297,15776938
2008,YR2008,Kosovo,XKX,..,..,1747383
2008,YR2008,Moldova,MDA,24366.2190144158,8149.99961853027,2868833
2008,YR2008,Montenegro,MNE,53668.2433085303,2690.00005722046,616969
2008,YR2008,North Macedonia,MKD,44686.2869843823,9479.99954223633,2046898
2008,YR2008,Russian Federation,RUS,49924.4185628313,1655189.94140625,142742366
2008,YR2008,Serbia,SRB,38750.0883219934,49830.0018310547,7350222
2008,YR2008,Turkiye,TUR,65154.5254655447,287190.002441406,71320726
2008,YR2008,Turkmenistan,TKM,22775.3933814011,59279.9987792969,5100083
2009,YR2009,Albania,ALB,27782.0640602825,4219.99979019165,2927519
2009,YR2009,Armenia,ARM,25009.2163751059,4510.00022888184,2964296
2009,YR2009,Azerbaijan,AZE,29168.6447378484,25500,8947243
2009,YR2009,Belarus,BLR,32217.882543595,57400.0015258789,9504583
2009,YR2009,Bosnia and Herzegovina,BIH,37602.126517526,20590.0001525879,3877750
2009,YR2009,Bulgaria,BGR,41628.6201086837,42909.9998474121,7444443
2009,YR2009,Georgia,GEO,21865.1674973312,5619.99988555908,3814419
2009,YR2009,Kazakhstan,KAZ,39629.8117682467,213610.000610352,16092822
2009,YR2009,Kosovo,XKX,..,..,1761474
2009,YR2009,Moldova,MDA,24319.7122029183,7639.9998664856,2865213
2009,YR2009,Montenegro,MNE,51407.6815437345,1750,618294
2009,YR2009,North Macedonia,MKD,42904.6524187495,8869.99988555908,2050671
2009,YR2009,Russian Federation,RUS,47126.0200316595,1546670.04394531,142785349
2009,YR2009,Serbia,SRB,40733.9073959546,46869.9989318848,7320807
2009,YR2009,Turkiye,TUR,61704.4472980069,287829.986572266,72225639
2009,YR2009,Turkmenistan,TKM,23527.4108763648,52389.9993896484,5180957
2010,YR2010,Albania,ALB,28685.5539833702,4449.99980926514,2913021
2010,YR2010,Armenia,ARM,24639.2593052295,4340.00015258789,2946293
2010,YR2010,Azerbaijan,AZE,30258.3624129697,24309.9994659424,9054332
2010,YR2010,Belarus,BLR,34746.6246828748,61669.9981689453,9483836
2010,YR2010,Bosnia and Herzegovina,BIH,39408.5305983105,20840.0001525879,3811088
2010,YR2010,Bulgaria,BGR,43953.9542290845,44740.0016784668,7395599
2010,YR2010,Georgia,GEO,22920.6163729734,5320.00017166138,3786695
2010,YR2010,Kazakhstan,KAZ,41523.5842643435,229699.996948242,16321872
2010,YR2010,Kosovo,XKX,..,..,1775680
2010,YR2010,Moldova,MDA,27066.8080135877,8300.00019073486,2862354
2010,YR2010,Montenegro,MNE,53005.2774482652,2579.99992370605,619428
2010,YR2010,North Macedonia,MKD,43778.9497598071,8640.00034332275,2055004
2010,YR2010,Russian Federation,RUS,48831.2689182717,1617829.95605469,142849468
2010,YR2010,Serbia,SRB,44680.8154216707,47099.9984741211,7291436
2010,YR2010,Turkiye,TUR,62811.2869831496,297109.985351563,73195345
2010,YR2010,Turkmenistan,TKM,25374.1119630834,59180.0003051758,5267970
2011,YR2011,Albania,ALB,26723.4526270673,4849.99990463257,2905195
2011,YR2011,Armenia,ARM,25113.8426200919,4940.00005722046,2928976
2011,YR2011,Azerbaijan,AZE,29977.490929629,27280.0006866455,9173082
2011,YR2011,Belarus,BLR,36572.9384091603,58549.9992370605,9461643
2011,YR2011,Bosnia and Herzegovina,BIH,41070.4470334164,23739.9997711182,3743142
2011,YR2011,Bulgaria,BGR,46496.6461911342,49639.9993896484,7348328
2011,YR2011,Georgia,GEO,24361.2107619175,6519.99998092651,3756441
2011,YR2011,Kazakhstan,KAZ,43936.8454911906,245449.996948242,16557202
2011,YR2011,Kosovo,XKX,..,..,1791000
2011,YR2011,Moldova,MDA,27930.5130630455,8340.00015258789,2860699
2011,YR2011,Montenegro,MNE,54576.9581055985,2539.99996185303,620079
2011,YR2011,North Macedonia,MKD,44286.3975093608,9520.00045776367,2058539
2011,YR2011,Russian Federation,RUS,50356.7173422385,1699089.96582031,142960908
2011,YR2011,Serbia,SRB,48611.3058231364,51229.9995422363,7234099
2011,YR2011,Turkiye,TUR,65504.5362904469,317720.001220703,74173854
2011,YR2011,Turkmenistan,TKM,28941.7390898744,65449.9969482422,5360811
2012,YR2012,Albania,ALB,28295.2840229345,4360.0001335144,2900401
2012,YR2012,Armenia,ARM,26548.572921483,5719.99979019165,2914421
2012,YR2012,Azerbaijan,AZE,30235.7621113279,30110.0006103516,9295784
2012,YR2012,Belarus,BLR,37133.2399411553,59939.998626709,9446836
2012,YR2012,Bosnia and Herzegovina,BIH,41529.9602338302,21959.9990844727,3674374
2012,YR2012,Bulgaria,BGR,47219.300211102,45020.0004577637,7305888
2012,YR2012,Georgia,GEO,25602.0980743693,7190.00005722046,3728874
2012,YR2012,Kazakhstan,KAZ,45573.0649748426,244600.006103516,16792090
2012,YR2012,Kosovo,XKX,..,..,1807106
2012,YR2012,Moldova,MDA,28448.4883864068,8140.00034332275,2860324
2012,YR2012,Montenegro,MNE,51726.4701836706,2329.99992370605,620601
2012,YR2012,North Macedonia,MKD,43879.605374098,9050.00019073486,2061044
2012,YR2012,Russian Federation,RUS,51893.8136604229,1675760.00976563,143201721
2012,YR2012,Serbia,SRB,48843.8976179876,45790.0009155273,7199077
2012,YR2012,Turkiye,TUR,66648.3684554159,328880.004882813,75277439
2012,YR2012,Turkmenistan,TKM,31841.5162171224,69010.0021362305,5458682
2013,YR2013,Albania,ALB,31839.1532713493,4440.00005722046,2895092
2013,YR2013,Armenia,ARM,27080.9147189745,5500,2901385
2013,YR2013,Azerbaijan,AZE,31439.4851895074,30940.0005340576,9416801
2013,YR2013,Belarus,BLR,37445.5032662153,59990.0016784668,9443211
2013,YR2013,Bosnia and Herzegovina,BIH,43201.8299263834,21850.0003814697,3617559
2013,YR2013,Bulgaria,BGR,46924.5377815799,39659.9998474121,7265115
2013,YR2013,Georgia,GEO,26712.4424922423,7840.00015258789,3717668
2013,YR2013,Kazakhstan,KAZ,47834.253441808,260010.009765625,17035551
2013,YR2013,Kosovo,XKX,..,..,1818117
2013,YR2013,Moldova,MDA,30363.9024396188,7179.99982833862,2859558
2013,YR2013,Montenegro,MNE,53018.6094110894,2269.99998092651,621207
2013,YR2013,North Macedonia,MKD,43143.268078192,8140.00034332275,2064032
2013,YR2013,Russian Federation,RUS,53023.7993908668,1632680.05371094,143506995
2013,YR2013,Serbia,SRB,47520.4105810721,46470.0012207031,7164132
2013,YR2013,Turkiye,TUR,69813.5244387214,318170.013427734,76576117
2013,YR2013,Turkmenistan,TKM,34744.7633137453,70220.0012207031,5560095
2014,YR2014,Albania,ALB,32519.8708833366,4820.00017166138,2889104
2014,YR2014,Armenia,ARM,29025.7277064314,5480.00001907349,2889930
2014,YR2014,Azerbaijan,AZE,31715.0817650662,32240.0016784668,9535079
2014,YR2014,Belarus,BLR,38003.7439861206,59500,9448515
2014,YR2014,Bosnia and Herzegovina,BIH,44083.6166206877,19489.9997711182,3571068
2014,YR2014,Bulgaria,BGR,46638.0778441391,42049.9992370605,7223938
2014,YR2014,Georgia,GEO,27069.4453947723,8470.00026702881,3719414
2014,YR2014,Kazakhstan,KAZ,49299.2985868113,209229.995727539,17288285
2014,YR2014,Kosovo,XKX,..,..,1812771
2014,YR2014,Moldova,MDA,30117.2614837126,7710.00003814697,2857815
2014,YR2014,Montenegro,MNE,50237.9812684229,2220.00002861023,621810
2014,YR2014,North Macedonia,MKD,43860.7437037808,7699.99980926514,2067471
2014,YR2014,Russian Federation,RUS,53341.5081211296,1611959.9609375,143819667
2014,YR2014,Serbia,SRB,42320.7254965601,38959.9990844727,7130576
2014,YR2014,Turkiye,TUR,72039.8025919473,340640.014648438,78112073
2014,YR2014,Turkmenistan,TKM,37970.7145126795,71400.0015258789,5663152
2015,YR2015,Albania,ALB,31582.7795636099,4619.99988555908,2880703
2015,YR2015,Armenia,ARM,30801.1024614725,5340.00015258789,2878595
2015,YR2015,Azerbaijan,AZE,31554.8115647856,31770.0004577637,9649341
2015,YR2015,Belarus,BLR,36371.5051989634,54819.9996948242,9461076
2015,YR2015,Bosnia and Herzegovina,BIH,45610.2862813754,19620.0008392334,3524324
2015,YR2015,Bulgaria,BGR,47370.383716962,44560.001373291,7177991
2015,YR2015,Georgia,GEO,27228.0784497827,9199.99980926514,3725276
2015,YR2015,Kazakhstan,KAZ,49373.9169772066,190729.995727539,17542806
2015,YR2015,Kosovo,XKX,..,..,1788196
2015,YR2015,Moldova,MDA,29864.3682768738,8020.00045776367,2835978
2015,YR2015,Montenegro,MNE,50593.8533484868,2359.99989509583,622159
2015,YR2015,North Macedonia,MKD,44613.7640292115,7409.99984741211,2070226
2015,YR2015,Russian Federation,RUS,52660.968071007,1592560.05859375,144096870
2015,YR2015,Serbia,SRB,42797.4303147874,45389.9993896484,7095383
2015,YR2015,Turkiye,TUR,73813.8347289294,351589.996337891,79646178
2015,YR2015,Turkmenistan,TKM,39956.7027577381,73400.0015258789,5766431
2016,YR2016,Albania,ALB,30847.1048041015,4480.00001907349,2876101
2016,YR2016,Armenia,ARM,31474.9184454232,5070.00017166138,2865835
2016,YR2016,Azerbaijan,AZE,29976.5885727396,32240.0016784668,9757812
2016,YR2016,Belarus,BLR,35344.7125990549,55139.9993896484,9469379
2016,YR2016,Bosnia and Herzegovina,BIH,47038.0564659974,22340.0001525879,3480986
2016,YR2016,Bulgaria,BGR,48980.3233154411,41590.0001525879,7127822
2016,YR2016,Georgia,GEO,28316.3682470225,9649.99961853027,3727505
2016,YR2016,Kazakhstan,KAZ,50175.2925560681,202149.993896484,17794055
2016,YR2016,Kosovo,XKX,..,..,1777557
2016,YR2016,Moldova,MDA,31275.4805146283,8140.00034332275,2803186
2016,YR2016,Montenegro,MNE,51369.1860158069,2150.00009536743,622303
2016,YR2016,North Macedonia,MKD,44707.8804858975,7300.00019073486,2072490
2016,YR2016,Russian Federation,RUS,52779.3273009052,1571520.01953125,144342397
2016,YR2016,Serbia,SRB,41768.731310192,46619.9989318848,7058322
2016,YR2016,Turkiye,TUR,74136.0436404657,374589.996337891,81019394
2016,YR2016,Turkmenistan,TKM,41962.7943245685,73339.9963378906,5868561
2017,YR2017,Albania,ALB,30844.8979029992,5139.9998664856,2873457
2017,YR2017,Armenia,ARM,34307.2576481821,5369.99988555908,2851923
2017,YR2017,Azerbaijan,AZE,29614.7941051316,31959.9990844727,9854033
2017,YR2017,Belarus,BLR,36248.3455808469,56009.9983215332,9458989
2017,YR2017,Bosnia and Herzegovina,BIH,46896.558498837,22680.0003051758,3440027
2017,YR2017,Bulgaria,BGR,48121.9517547306,43880.0010681152,7075947
2017,YR2017,Georgia,GEO,29858.7545716551,9729.99954223633,3728004
2017,YR2017,Kazakhstan,KAZ,52475.7811120727,214580.001831055,18037776
2017,YR2017,Kosovo,XKX,..,..,1791003
2017,YR2017,Moldova,MDA,35518.3327089387,8060.0004196167,2755189
2017,YR2017,Montenegro,MNE,52523.6724504365,2269.99998092651,622373
2017,YR2017,North Macedonia,MKD,44050.3647890453,7789.99996185303,2074502
2017,YR2017,Russian Federation,RUS,53666.3656699749,1594550.04882813,144496739
2017,YR2017,Serbia,SRB,41449.073987057,47340.0001525879,7020858
2017,YR2017,Turkiye,TUR,77222.1374828492,415899.993896484,82089826
2017,YR2017,Turkmenistan,TKM,44231.1700898928,73120.002746582,5968383
2018,YR2018,Albania,ALB,30882.5857646523,5110.0001335144,2866376
2018,YR2018,Armenia,ARM,38493.4677096407,5710.00003814697,2836557
2018,YR2018,Azerbaijan,AZE,29626.9101463849,32729.9995422363,9939771
2018,YR2018,Belarus,BLR,37099.0575950193,58950.0007629395,9438785
2018,YR2018,Bosnia and Herzegovina,BIH,48358.7304389777,22600.0003814697,3400129
2018,YR2018,Bulgaria,BGR,49296.470252402,40900.0015258789,7025037
2018,YR2018,Georgia,GEO,32093.1320290022,9569.99969482422,3726549
2018,YR2018,Kazakhstan,KAZ,53541.1019437043,216600.006103516,18276452
2018,YR2018,Kosovo,XKX,..,..,1797085
2018,YR2018,Moldova,MDA,42816.8481059482,8539.99996185303,2707203
2018,YR2018,Montenegro,MNE,53261.9245778032,2500,622227
2018,YR2018,North Macedonia,MKD,44161.9711948089,7300.00019073486,2076217
2018,YR2018,Russian Federation,RUS,54972.2315551553,1661000,144477859
2018,YR2018,Serbia,SRB,42720.9284475819,46130.0010681152,6982604
2018,YR2018,Turkiye,TUR,78249.7055760191,411730.010986328,82809304
2018,YR2018,Turkmenistan,TKM,46490.5696450245,73050.0030517578,6065066
2019,YR2019,Albania,ALB,30717.3710222444,4829.99992370605,2854191
2019,YR2019,Armenia,ARM,40650.0918089103,6170.00007629395,2820602
2019,YR2019,Azerbaijan,AZE,30196.2532374393,35509.9983215332,10024283
2019,YR2019,Belarus,BLR,37579.4759241822,57669.9981689453,9419758
2019,YR2019,Bosnia and Herzegovina,BIH,48811.7241160157,21069.9996948242,3360711
2019,YR2019,Bulgaria,BGR,49962.3628724983,39139.9993896484,6975761
2019,YR2019,Georgia,GEO,33971.7708142703,10109.9996566772,3720161
2019,YR2019,Kazakhstan,KAZ,55545.7225508224,212110.000610352,18513673
2019,YR2019,Kosovo,XKX,..,..,1788878
2019,YR2019,Moldova,MDA,40348.4079516283,8859.99965667725,2664224
2019,YR2019,Montenegro,MNE,54034.5328554333,2599.99990463257,622028
2019,YR2019,North Macedonia,MKD,43623.5278793879,8300.00019073486,2076694
2019,YR2019,Russian Federation,RUS,56624.1283250837,1703589.96582031,144406261
2019,YR2019,Serbia,SRB,43515.7382195517,45950.0007629395,6945235
2019,YR2019,Turkiye,TUR,80986.0388410212,396839.996337891,83481684
2019,YR2019,Turkmenistan,TKM,48908.6370339133,72870.002746582,6158420
2020,YR2020,Albania,ALB,31678.3091578505,..,2837849
2020,YR2020,Armenia,ARM,41515.8731714496,..,2805608
2020,YR2020,Azerbaijan,AZE,30845.5185625498,..,10093121
2020,YR2020,Belarus,BLR,37903.2370073051,..,9379952
2020,YR2020,Bosnia and Herzegovina,BIH,46775.8049365259,..,3318407
2020,YR2020,Bulgaria,BGR,49605.0548062081,..,6934015
2020,YR2020,Georgia,GEO,36525.9655515689,..,3722716
2020,YR2020,Kazakhstan,KAZ,54460.6835999291,..,18755666
2020,YR2020,Kosovo,XKX,..,..,1790133
2020,YR2020,Moldova,MDA,39158.4911665501,..,2635130
2020,YR2020,Montenegro,MNE,50966.1910647071,..,621306
2020,YR2020,North Macedonia,MKD,43367.5944213338,..,2072531
2020,YR2020,Russian Federation,RUS,56184.1278326849,..,144073139
2020,YR2020,Serbia,SRB,43316.9822007353,..,6899126
2020,YR2020,Turkiye,TUR,87127.5945206317,..,84135428
2020,YR2020,Turkmenistan,TKM,..,..,6250438
2021,YR2021,Albania,ALB,33597.7862483526,..,2811666
2021,YR2021,Armenia,ARM,43431.5568574779,..,2790974
2021,YR2021,Azerbaijan,AZE,31837.3659268598,..,10137750
2021,YR2021,Belarus,BLR,39118.0917617499,..,9340314
2021,YR2021,Bosnia and Herzegovina,BIH,51684.2945247005,..,3270943
2021,YR2021,Bulgaria,BGR,53911.0044986101,..,6877743
2021,YR2021,Georgia,GEO,37281.4037630325,..,3708610
2021,YR2021,Kazakhstan,KAZ,56411.5300453732,..,19000988
2021,YR2021,Kosovo,XKX,..,..,1786038
2021,YR2021,Moldova,MDA,47096.8998502945,..,2615199
2021,YR2021,Montenegro,MNE,56409.9208358389,..,619211
2021,YR2021,North Macedonia,MKD,44287.4532165451,..,2065092
2021,YR2021,Russian Federation,RUS,59266.5393915875,..,143449286
2021,YR2021,Serbia,SRB,48377.3652974863,..,6834326
2021,YR2021,Turkiye,TUR,94605.7580873652,..,84775404
2021,YR2021,Turkmenistan,TKM,..,..,6341855
,,,,,,
,,,,,,
,,,,,,
Data from database: World Development Indicators,,,,,,
Last Updated: 03/30/2023,,,,,,
